country_name,summary
United States of America,"The United States has a rich Olympic sports history, being one of the most successful countries in the games. They have won a total of 2,523 medals across various sports since their first participation in 1896. Dominating in athletics, swimming, and gymnastics, the US has produced legendary athletes like Michael Phelps, Carl Lewis, and Simone Biles. Their competitive spirit and dedication to sports have led them to claim the top spot on the overall medal tally numerous times."
Russia,"Russia, formerly part of the Soviet Union, has a formidable Olympic legacy. Throughout their participation, they have secured 1,204 medals in sports like wrestling, gymnastics, and ice hockey. Despite controversies surrounding doping allegations, Russia remains a dominant force in many winter sports. They have consistently showcased exceptional talent, especially in figure skating and cross-country skiing."
China,"China has witnessed remarkable growth in Olympic sports over the years. With 546 medals, they have excelled in sports such as table tennis, diving, and badminton. Their emphasis on developing young talent has produced exceptional athletes like Yao Ming in basketball and Liu Xiang in track and field. China's increasing presence in various events has solidified their status as a top Olympic contender."
Germany,"Germany's Olympic history is impressive, with 940 medals to their credit. Strong in disciplines like athletics, rowing, and equestrian, they have consistently performed well in both summer and winter games. Prior to reunification, East Germany was also a formidable force in sports like swimming and weightlifting. Today, the unified Germany continues to produce top athletes, securing medals in a diverse range of sports."
Great Britain,"The United Kingdom boasts a proud Olympic tradition, winning 851 medals across various sports. Their prowess lies in track cycling, sailing, and rowing. Hosting the games in London 2012 further highlighted their commitment to sports. The UK's achievements have continued to inspire future generations of athletes, and their success shows no signs of waning."
Australia,"Australia has a strong Olympic legacy, accumulating 515 medals. Known for their dominance in swimming, they have also excelled in sports like field hockey, rugby sevens, and cycling. Their dedication to sports development has led to the emergence of iconic athletes like Ian Thorpe and Cathy Freeman. Australia's enthusiasm for the games and impressive medal count demonstrate their passion for Olympic sports."
Japan,"Japan has left a lasting impact on Olympic history, securing 512 medals. With excellence in judo, gymnastics, and wrestling, they have consistently performed well in the games. As hosts of the upcoming Tokyo 2020 Olympics, Japan is eagerly anticipated to showcase their passion and commitment to sports on the world stage."
France,"France's Olympic achievements include 715 medals across various sports. Renowned for their proficiency in fencing, cycling, and sailing, they have consistently contributed to the global sporting landscape. France's dedication to hosting major sports events has further cemented their status as a prominent nation in the world of sports."
Italy,"Italy has a strong presence in the Olympics, earning 703 medals. Excelling in sports like fencing, volleyball, and cycling, they have consistently showcased their athletic prowess. With an enthusiastic sports culture, Italy continues to produce exceptional athletes who make their mark on the global stage."
Brazil,"Brazil has steadily built its Olympic legacy, securing 130 medals. Their strength lies in sports like football, volleyball, and athletics. Hosting the Rio 2016 Olympics was a testament to Brazil's commitment to sports development and their passion for the games."
